Date Entered,Label,Brand,Engine Number,Status
2/1/2023,old,Honda,PZCT1S00XE,sold
2/1/2023,old,Honda,4VBTV8YNM7,sold
2/1/2023,old,Honda,95AN3AWVF4,on-hand
2/4/2023,old,Honda,V96GMTFFEI,sold
2/6/2023,old,Honda,TY5SU0WPDX,on-hand
2/6/2023,old,Honda,5Q0EZG7WKB,on-hand
2/7/2023,old,Honda,PVAWKD51CE,sold
2/7/2023,old,Honda,K4KHCQAU41,sold
2/8/2023,old,Honda,Z4NY5JGZZT,sold
2/8/2023,old,Honda,IRQACSKUNZ,sold
3/5/2023,new,Honda,W2UYM0EIRS,on-hand
3/5/2023,new,Honda,AITLTSJUK2,on-hand
2/3/2023,old,Kawasaki,483QHIM661,on-hand
2/5/2023,old,Kawasaki,4J8UA0FMVY,sold
2/5/2023,old,Kawasaki,A8BDL926FA,sold
2/5/2023,old,Kawasaki,X8G5ZZ7A69,sold
3/1/2023,new,Kawasaki,1HCWCVZSX8,sold
3/3/2023,new,Kawasaki,Z46VKPIJBY,sold
3/3/2023,new,Kawasaki,LYQVEHJ6IU,sold
3/7/2023,new,Kawasaki,392XSUBMUW,on-hand
2/3/2023,old,Kymco,SPHA17SSEE,on-hand
2/3/2023,old,Kymco,0AV7SWGX93,sold
2/4/2023,old,Kymco,QMUB6UYLKL,sold
2/6/2023,old,Kymco,YUL4UTC4FU,on-hand
2/6/2023,old,Kymco,2ESQRHAXWG,on-hand
2/7/2023,old,Kymco,J8JA99VWZE,sold
2/7/2023,old,Kymco,NS530HOT9H,sold
2/8/2023,old,Kymco,4M793VVAHI,on-hand
3/4/2023,new,Kymco,URWMSQZCBU,sold
3/6/2023,new,Kymco,MXS36NKV96,sold
3/6/2023,new,Kymco,PWM3MJWPYE,sold
3/6/2023,new,Kymco,5I80N9HB7W,sold
2/6/2023,old,Suzuki,9XUOUOJ2XZ,on-hand
2/7/2023,old,Suzuki,URIA0XXM05,sold
2/8/2023,old,Suzuki,5N7IQVJ2BA,on-hand
3/1/2023,new,Suzuki,NO8VW05PU9,on-hand
3/6/2023,new,Suzuki,1R88BOJW8W,on-hand
3/7/2023,new,Suzuki,LAMH9Y1YD6,on-hand
2/7/2023,old,Yamaha,IDN93SI4KW,sold
2/8/2023,old,Yamaha,TMZCTALNDL,sold
2/8/2023,old,Yamaha,DVFUIA0YVB,sold
3/1/2023,new,Yamaha,NWIP2MQEIN,sold
3/3/2023,new,Yamaha,BVGQQNMATL,sold
3/4/2023,new,Yamaha,5NGI5UZ8T2,on-hand
3/5/2023,new,Yamaha,45CNYV7IFF,on-hand
3/6/2023,new,Yamaha,D01JMJL9PG,on-hand
3/7/2023,new,Yamaha,02G7NJCRGS,on-hand
2/26/2025,new,Ahava,CATTEST1234,on-hand
